ID,Species,Family,bt.family,Figures
usnm_010031_Platichthys_flesus_radiograph_1,Platichthys_flesus,Pleuronectidae,Pleuronectidae,P. fle
usnm_010031_Platichthys_flesus_radiograph_2,Platichthys_flesus,Pleuronectidae,Pleuronectidae,P. fle
usnm_010031_Platichthys_flesus_radiograph_3,Platichthys_flesus,Pleuronectidae,Pleuronectidae,P. fle
usnm_015091_Trinectes_maculatus_radiograph,Trinectes_maculatus,Achiridae,Achiridae,T. mac
usnm_022996_Scophthalmus_maximus_radiograph,Scophthalmus_maximus,Scophthalmidae1,Scophthalmidae,S. max
usnm_025963_Scophthalmus_maximus_radiograph_1,Scophthalmus_maximus,Scophthalmidae1,Scophthalmidae,S. max
usnm_025963_Scophthalmus_maximus_radiograph_2,Scophthalmus_maximus,Scophthalmidae1,Scophthalmidae,S. max
usnm_00027499_Eopsetta_jordani_radiograph,Eopsetta_jordani,Pleuronectidae,Pleuronectidae,E. jor
usnm_029928_Liopsetta_glacialis_radiograph,Liopsetta_glacialis,Pleuronectidae,Pleuronectidae,L. gla
usnm_034837_Trinectes_maculatus_radiograph,Trinectes_maculatus,Achiridae,Achiridae,T. mac
usnm_034837_Trinectes_maculatus_radiograph_1,Trinectes_maculatus,Achiridae,Achiridae,T. mac
usnm_036894_Psettichthys_melanostictus_radiograph,Psettichthys_melanostictus,Pleuronectidae,Pleuronectidae,P. mel
usnm_036896_Psettodes_erumei_radiograph,Psettodes_erumei,Psettodiae,Psettodiae,P. eru
usnm_038018_Symphurus_atricaudus_radiograph_1,Symphurus_atricaudus,Cynoglossidae,Cynoglossidae,S. atr
usnm_038018_Symphurus_atricaudus_radiograph_2,Symphurus_atricaudus,Cynoglossidae,Cynoglossidae,S. atr
usnm_038018_Symphurus_atricaudus_radiograph_3,Symphurus_atricaudus,Cynoglossidae,Cynoglossidae,S. atr
usnm_039743_Hippoglossus_hippoglossus_radiograph,Hippoglossus_hippoglossus,Pleuronectidae,Pleuronectidae,H. hip
usnm_041906_Xystreurys_liolepis_radiograph,Xystreurys_liolepis,Paralichthyidae2,Paralichthyidae,X. lio
usnm_046317_Xystreurys_liolepis_radiograph,Xystreurys_liolepis,Paralichthyidae2,Paralichthyidae,X. lio
usnm_046411_Microstomus_pacificus_radiograph,Microstomus_pacificus,Pleuronectidae,Pleuronectidae,M. pac
usnm_046411_Microstomus_pacificus_radiograph_1,Microstomus_pacificus,Pleuronectidae,Pleuronectidae,M. pac
usnm_00046429_Eopsetta_jordani_radiograph,Eopsetta_jordani,Pleuronectidae,Pleuronectidae,E. jor
usnm_46435_Parophrys_vetulus_radiograph_1,Parophrys_vetulus,Pleuronectidae,Pleuronectidae,P. vet
usnm_46435_Parophrys_vetulus_radiograph_2,Parophrys_vetulus,Pleuronectidae,Pleuronectidae,P. vet
usnm_46435_Parophrys_vetulus_radiograph_3,Parophrys_vetulus,Pleuronectidae,Pleuronectidae,P. vet
usnm_048630_Liopsetta_glacialis_radiograph,Liopsetta_glacialis,Pleuronectidae,Pleuronectidae,L. gla
usnm_048630_Liopsetta_glacialis_radiograph_1,Liopsetta_glacialis,Pleuronectidae,Pleuronectidae,L. gla
usnm_048972_Pseudopleuronectes_americanus_radiograph,Pseudopleuronectes_americanus,Pleuronectidae,Pleuronectidae,P. ame
usnm_048972_Pseudopleuronectes_americanus_radiograph_1,Pseudopleuronectes_americanus,Pleuronectidae,Pleuronectidae,P. ame
usnm_048972_Pseudopleuronectes_americanus_radiograph_2,Pseudopleuronectes_americanus,Pleuronectidae,Pleuronectidae,P. ame
usnm_049456_Verasper_moseri_radiograph_1,Verasper_moseri,Pleuronectidae,Pleuronectidae,V. mos
usnm_049456_Verasper_moseri_radiograph_2,Verasper_moseri,Pleuronectidae,Pleuronectidae,V. mos
usnm_049456_Verasper_moseri_radiograph_3,Verasper_moseri,Pleuronectidae,Pleuronectidae,V. mos
usnm_054037_Isopsetta_isolepis_radiograph_2 copy,Isopsetta_isolepis,Pleuronectidae,Pleuronectidae,I. iso
usnm_054037_Isopsetta_isolepis_radiograph_3 copy,Isopsetta_isolepis,Pleuronectidae,Pleuronectidae,I. iso
usnm_054300_Hippoglossus_hippoglossus_radiograph copy,Hippoglossus_hippoglossus,Pleuronectidae,Pleuronectidae,H. hip
usnm_054485_Platichthys_stellatus_radiograph_1 copy,Platichthys_stellatus,Pleuronectidae,Pleuronectidae,P. ste
usnm_054485_Platichthys_stellatus_radiograph_2,Platichthys_stellatus,Pleuronectidae,Pleuronectidae,P. ste
usnm_054485_Platichthys_stellatus_radiograph_3,Platichthys_stellatus,Pleuronectidae,Pleuronectidae,P. ste
usnm_054775_Paralichthys_californicus_radiograph_1,Paralichthys_californicus,Paralichthyidae2,Paralichthyidae,P. cal
usnm_054775_Paralichthys_californicus_radiograph_2,Paralichthys_californicus,Paralichthyidae2,Paralichthyidae,P. cal
usnm_054775_Paralichthys_californicus_radiograph_3,Paralichthys_californicus,Paralichthyidae2,Paralichthyidae,P. cal
usnm_055256_Pelecanichthys_crumenalis_radiograph_2,Pelecanichthys_crumenalis,Bothidae,Bothidae,P. cru
usnm_055256_Pelecanichthys_crumenalis_radiograph_5,Pelecanichthys_crumenalis,Bothidae,Bothidae,P. cru
usnm_055256_Pelecanichthys_crumenalis_radiograph_6,Pelecanichthys_crumenalis,Bothidae,Bothidae,P. cru
usnm_55583_Catathyridium_jenynsii_radiograph,Catathyridium_jenynsii,Achiridae,Achiridae,C. jen
usnm_55583_Catathyridium_jenynsii_radiograph_1,Catathyridium_jenynsii,Achiridae,Achiridae,C. jen
usnm_056373_Kareius_bicoloratus_radiograph,Kareius_bicoloratus,Pleuronectidae,Pleuronectidae,K. bic
usnm_056384_Engyprosopon_grandisquama_radiograph_1,Engyprosopon_grandisquama,Bothidae,Bothidae,E. gra
usnm_056384_Engyprosopon_grandisquama_radiograph_2,Engyprosopon_grandisquama,Bothidae,Bothidae,E. gra
usnm_056384_Engyprosopon_grandisquama_radiograph_3,Engyprosopon_grandisquama,Bothidae,Bothidae,E. gra
usnm_060632_Lyopsetta_exilis_radiograph,Lyopsetta_exilis,Pleuronectidae,Pleuronectidae,L. exi
usnm_00060659_Hippoglossoides_elassodon_radiograph,Hippoglossoides_elassodon,Pleuronectidae,Pleuronectidae,H. ela
usnm_00060659_Hippoglossoides_elassodon_radiograph_1,Hippoglossoides_elassodon,Pleuronectidae,Pleuronectidae,H. ela
usnm_00060659_Hippoglossoides_elassodon_radiograph_2,Hippoglossoides_elassodon,Pleuronectidae,Pleuronectidae,H. ela
usnm_063562_Lyopsetta_exilis_radiograph_1,Lyopsetta_exilis,Pleuronectidae,Pleuronectidae,L. exi
usnm_063562_Lyopsetta_exilis_radiograph_2,Lyopsetta_exilis,Pleuronectidae,Pleuronectidae,L. exi
usnm_063562_Lyopsetta_exilis_radiograph_3,Lyopsetta_exilis,Pleuronectidae,Pleuronectidae,L. exi
usnm_63573_Microsromus_pacificus_radiograph,Microstomus_pacificus,Pleuronectidae,Pleuronectidae,M. pac
usnm_067275_Psettichthys_melanostictus_radiograph,Psettichthys_melanostictus,Pleuronectidae,Pleuronectidae,P. mel
usnm_071464_Aseraggodes_kobensis_radiograph_1,Aseraggodes_kobensis,Soleidae,Soleidae,A. kob
usnm_071464_Aseraggodes_kobensis_radiograph_2,Aseraggodes_kobensis,Soleidae,Soleidae,A. kob
usnm_071464_Aseraggodes_kobensis_radiograph_3,Aseraggodes_kobensis,Soleidae,Soleidae,A. kob
usnm_071465_Pseudorhombus_pentophthalmus_radiograph_1,Pseudorhombus_pentophthalmus,Paralichthyidae2,Paralichthyidae,P. pen
usnm_071465_Pseudorhombus_pentophthalmus_radiograph_2,Pseudorhombus_pentophthalmus,Paralichthyidae2,Paralichthyidae,P. pen
usnm_071465_Pseudorhombus_pentophthalmus_radiograph_3,Pseudorhombus_pentophthalmus,Paralichthyidae2,Paralichthyidae,P. pen
usnm_071960_Eopsetta_grigorjewi_radiograph,Eopsetta_grigorjewi,Pleuronectidae,Pleuronectidae,E. gri
usnm_071961_Protopsetta_herzensteini_radiograph,Protopsetta_herzensteini,Pleuronectidae,Pleuronectidae,Pr. her
usnm_071995_Protopsetta_herzensteini_radiograph,Protopsetta_herzensteini,Pleuronectidae,Pleuronectidae,Pr. her
usnm_071997_Kareius_bicoloratus_radiograph_1,Kareius_bicoloratus,Pleuronectidae,Pleuronectidae,K. bic
usnm_071997_Kareius_bicoloratus_radiograph_2,Kareius_bicoloratus,Pleuronectidae,Pleuronectidae,K. bic
usnm_076430_Lepidopsetta_bilineata_radiograph_1,Lepidopsetta_bilineata,Pleuronectidae,Pleuronectidae,L. bil
usnm_076430_Lepidopsetta_bilineata_radiograph_2,Lepidopsetta_bilineata,Pleuronectidae,Pleuronectidae,L. bil
usnm_076430_Lepidopsetta_bilineata_radiograph_3,Lepidopsetta_bilineata,Pleuronectidae,Pleuronectidae,L. bil
usnm_076657_Liachirus_melanospilus_radiograph_1,Liachirus_melanospilus,Soleidae,Soleidae,L. mel
usnm_077059_Hippoglossoides_dubius_radiograph_1,Hippoglossoides_dubius,Pleuronectidae,Pleuronectidae,H. dub
usnm_077061_Hippoglossoides_dubius_radiograph,Hippoglossoides_dubius,Pleuronectidae,Pleuronectidae,H. dub
usnm_077061_Hippoglossoides_dubius_radiograph_1,Hippoglossoides_dubius,Pleuronectidae,Pleuronectidae,H. dub
usnm_077071_Tarphops_oligolepis_radiograph,Tarphops_oligolepis,Paralichthyidae2,Paralichthyidae,T. oli
usnm_077081_Eopsetta_grigorjewi_radiograph,Eopsetta_grigorjewi,Pleuronectidae,Pleuronectidae,E. gri
usnm_077083_Eopsetta_grigorjewi_radiograph,Eopsetta_grigorjewi,Pleuronectidae,Pleuronectidae,E. gri
usnm_77089_Cleisthenes_pinetorum_radiograph,Cleisthenes_pinetorum,Pleuronectidae,Pleuronectidae,C. pin
usnm_00077093_Cleisthenes_herzensteini_radiograph,Cleisthenes_herzensteini,Pleuronectidae,Pleuronectidae,C. her
usnm_00077095_Cleisthenes_herzensteini_radiograph,Cleisthenes_herzensteini,Pleuronectidae,Pleuronectidae,C. her
usnm_00077097_Cleisthenes_herzensteini_radiograph,Cleisthenes_herzensteini,Pleuronectidae,Pleuronectidae,C. her
usnm_077114_Acanthopsetta_nadeshnyi_radiograph,Acanthopsetta_nadeshnyi,Pleuronectidae,Pleuronectidae,A. nad
usnm_077118_Acanthopsetta_nadeshnyi_radiograph,Acanthopsetta_nadeshnyi,Pleuronectidae,Pleuronectidae,A. nad
usnm_77123_Acanthopsetta_nadeshnyi_radiograph_5010,Acanthopsetta_nadeshnyi,Pleuronectidae,Pleuronectidae,A. nad
usnm_077162_Tanakius_kitaharai_radiograph,Tanakius_kitaharae,Pleuronectidae,Pleuronectidae,T. kit
usnm_077165_Tanakius_kitaharai_radiograph,Tanakius_kitaharae,Pleuronectidae,Pleuronectidae,T. kit
usnm_077165_Tanakius_kitaharai_radiograph_1,Tanakius_kitaharae,Pleuronectidae,Pleuronectidae,T. kit
usnm_077181_Limanda_angustirostris_radiograph,Pseudopleuronectes_herzensteini,Pleuronectidae,Pleuronectidae,Ps. her
usnm_077182_Limanda_angustirostris_radiograph_1,Pseudopleuronectes_herzensteini,Pleuronectidae,Pleuronectidae,Ps. her
usnm_077182_Limanda_angustirostris_radiograph_2,Pseudopleuronectes_herzensteini,Pleuronectidae,Pleuronectidae,Ps. her
usnm_077182_Limanda_angustirostris_radiograph_3,Pseudopleuronectes_herzensteini,Pleuronectidae,Pleuronectidae,Ps. her
usnm_77186_Poecilopsetta_plinthus_radiograph,Poecilopsetta_plinthus,Poecilopsettidae,Poecilopsettidae,P. pli
usnm_77186_Poecilopsetta_plinthus_radiograph_1,Poecilopsetta_plinthus,Poecilopsettidae,Poecilopsettidae,P. pli
usnm_077392_Thysanopsetta_naresi_radiograph,Thysanopsetta_naresi,Paralichthyidae1,Paralichthyidae,T. nar
usnm_77968_Citharichthys_sordidus_radiograph_1,Citharichthys_sordidus,Paralichthyidae1,Paralichthyidae,C. sor
usnm_77968_Citharichthys_sordidus_radiograph_2,Citharichthys_sordidus,Paralichthyidae1,Paralichthyidae,C. sor
usnm_081038_Azevia_panamensis_radiograph,Azevia_panamensis,Paralichthyidae1,Paralichthyidae,A. pan
usnm_86372_Tephrinectes_sinensis_radiograph,Tephrinectes_sinensis,Paralichthyidae2,Paralichthyidae,T. sin
usnm_86372_Tephrinectes_sinensis_radiograph_1,Tephrinectes_sinensis,Paralichthyidae2,Paralichthyidae,T. sin
usnm_86372_Tephrinectes_sinensis_radiograph_2,Tephrinectes_sinensis,Paralichthyidae2,Paralichthyidae,T. sin
usnm_087056_Tephrinectes_lsinensis_radiograph,Tephrinectes_sinensis,Paralichthyidae2,Paralichthyidae,T. sin
usnm_091255_Scophthalmus_aquosus_radiograph_1,Scophthalmus_aquosus,Scophthalmidae2,Scophthalmidae,S. aqu
usnm_091255_Scophthalmus_aquosus_radiograph_2,Scophthalmus_aquosus,Scophthalmidae2,Scophthalmidae,S. aqu
usnm_091255_Scophthalmus_aquosus_radiograph_3,Scophthalmus_aquosus,Scophthalmidae2,Scophthalmidae,S. aqu
usnm_93598_Ancylopsetta_quadrocellata_radiograph,Ancylopsetta_ommata,Paralichthyidae1,Paralichthyidae,A. omm
usnm_93598_Ancylopsetta_quadrocellata_radiograph_1,Ancylopsetta_ommata,Paralichthyidae1,Paralichthyidae,A. omm
usnm_00093611_Etropus_crossotus_radiograph,Etropus_crossotus,Paralichthyidae1,Paralichthyidae,E. cro
usnm_103793_Thysanopsetta_naresi_radiograph,Thysanopsetta_naresi,Paralichthyidae1,Paralichthyidae,T. nar
usnm_118643_Syacium_gunteri_radiograph_1,Syacium_gunteri,Paralichthyidae1,Paralichthyidae,S. gun
usnm_118643_Syacium_gunteri_radiograph_2,Syacium_gunteri,Paralichthyidae1,Paralichthyidae,S. gun
usnm_118643_Syacium_gunteri_radiograph_3,Syacium_gunteri,Paralichthyidae1,Paralichthyidae,S. gun
usnm_119050_Etropus_microstomus_radiograph,Etropus_microstomus,Paralichthyidae1,Paralichthyidae,E. mic
usnm_119050_Etropus_microstomus_radiograph_1,Etropus_microstomus,Paralichthyidae1,Paralichthyidae,E. mic
usnm_119050_Etropus_microstomus_radiograph_3,Etropus_microstomus,Paralichthyidae1,Paralichthyidae,E. mic
usnm_122016_Psettodes_erumei_radiograph,Psettodes_erumei,Psettodiae,Psettodiae,P. eru
usnm_122017_Psettodes_erumei_radiograph,Psettodes_erumei,Psettodiae,Psettodiae,P. eru
usnm_125387_Ancylopsetta_quadrpcellata_radiograph,Ancylopsetta_ommata,Paralichthyidae1,Paralichthyidae,A. omm
usnm_125529_Atheresthes_stomias_radiograph,Atheresthes_stomias,Pleuronectidae,Pleuronectidae,A. sto
usnm_127075_Parophrys_vetulus_radiograph,Parophrys_vetulus,Pleuronectidae,Pleuronectidae,P. vet
usnm_127075_Parophrys_vetulus_radiograph_1,Parophrys_vetulus,Pleuronectidae,Pleuronectidae,P. vet
usnm_137384_Samariscus_longimanus_radiograph,Samariscus_longimanus,Samaridae,Samaridae,S. lon
usnm_137385_Samariscus_longimanus_radiograph,Samariscus_longimanus,Samaridae,Samaridae,S. lon
usnm_137385_Samariscus_longimanus_radiograph_1,Samariscus_longimanus,Samaridae,Samaridae,S. lon
usnm_137409_Lepidoblepharon_ophthalmolepis_radiograph,Lepidoblepharon_ophthalmolepis,Citharidae,Citharidae,L. oph
usnm_138062_Symphurus_bathysplius_radiograph_1,Symphurus_bathyspilus,Cynoglossidae,Cynoglossidae,S. bat
usnm_138062_Symphurus_bathysplius_radiograph_2,Symphurus_bathyspilus,Cynoglossidae,Cynoglossidae,S. bat
usnm_138062_Symphurus_bathysplius_radiograph_3,Symphurus_bathyspilus,Cynoglossidae,Cynoglossidae,S. bat
usnm_150190_Embassichthys_bathybius_radiograph_60kV,Embassichthys_bathybius,Pleuronectidae,Pleuronectidae,E. bat
usnm_150375_Cleisthenes_pinetorum_radiograph_1,Cleisthenes_pinetorum,Pleuronectidae,Pleuronectidae,C. pin
usnm_150375_Cleisthenes_pinetorum_radiograph_2,Cleisthenes_pinetorum,Pleuronectidae,Pleuronectidae,C. pin
usnm_150375_Cleisthenes_pinetorum_radiograph_3,Cleisthenes_pinetorum,Pleuronectidae,Pleuronectidae,C. pin
usnm_150688_Poecilopsetta_plinthus_radiograph,Poecilopsetta_plinthus,Poecilopsettidae,Poecilopsettidae,P. pli
usnm_152478_Tarphops_oligolepis_radiograph,Tarphops_oligolepis,Paralichthyidae2,Paralichthyidae,T. oli
usnm_152478_Tarphops_oligolepis_radiograph_2,Tarphops_oligolepis,Paralichthyidae2,Paralichthyidae,T. oli
usnm_155724_Cyclopsetta_chittendeni_radiograph,Cyclopsetta_chittendeni,Paralichthyidae1,Paralichthyidae,C. chi
usnm_00156026_Cyclopsetta_chittendeni_radiograph,Cyclopsetta_chittendeni,Paralichthyidae1,Paralichthyidae,C. chi
usnm_156028_Cyclopsetta_chittendeni_radiograph,Cyclopsetta_chittendeni,Paralichthyidae1,Paralichthyidae,C. chi
usnm_156077_Ancylopsetta_quadrocellata_radiograph,Ancylopsetta_ommata,Paralichthyidae1,Paralichthyidae,A. omm
usnm_156403_Achirus_lineatus_radiograph_2,Achirus_lineatus,Achiridae,Achiridae,A. lin
usnm_156403_Achirus_lineatus_radiograph_3,Achirus_lineatus,Achiridae,Achiridae,A. lin
usnm_157642_Paralichthys_albigutta_radiograph,Paralichthys_albigutta,Paralichthyidae2,Paralichthyidae,P. alb
usnm_157642_Paralichthys_albigutta_radiograph_1,Paralichthys_albigutta,Paralichthyidae2,Paralichthyidae,P. alb
usnm_157642_Paralichthys_albigutta_radiograph_2,Paralichthys_albigutta,Paralichthyidae2,Paralichthyidae,P. alb
usnm_159442_Monolene_atrimana_radiograph,Monolene_atrimana,Bothidae,Bothidae,M. atr
usnm_159442_Monolene_atrimana_radiograph_1,Monolene_atrimana,Bothidae,Bothidae,M. atr
usnm_159442_Monolene_atrimana_radiograph_2,Monolene_atrimana,Bothidae,Bothidae,M. atr
usnm_159446_Poecilopsetta_albomarginata_radiograph_1,Poecilopsetta_inermis,Poecilopsettidae,Poecilopsettidae,P. ine
usnm_159446_Poecilopsetta_albomarginata_radiograph_2,Poecilopsetta_inermis,Poecilopsettidae,Poecilopsettidae,P. ine
usnm_159446_Poecilopsetta_albomarginata_radiograph_3,Poecilopsetta_inermis,Poecilopsettidae,Poecilopsettidae,P. ine
usnm_159510_Trichopsetta_ventralis_radiograph,Trichopsetta_ventralis,Bothidae,Bothidae,T. ven
usnm_159579_Trichopsetta_caribbaea_radiograph_1,Trichopsetta_caribbaea,Bothidae,Bothidae,T. car
usnm_159579_Trichopsetta_caribbaea_radiograph_2,Trichopsetta_caribbaea,Bothidae,Bothidae,T. car
usnm_159579_Trichopsetta_caribbaea_radiograph_3,Trichopsetta_caribbaea,Bothidae,Bothidae,T. car
usnm_159614_Bothus_robinsi_radiograph_1,Bothus_robinsi,Bothidae,Bothidae,B. rob
usnm_159614_Bothus_robinsi_radiograph_3,Bothus_robinsi,Bothidae,Bothidae,B. rob
usnm_163652_Hippoglossus_hippoglossus_radiograph,Hippoglossus_hippoglossus,Pleuronectidae,Pleuronectidae,H. hip
usnm_164142_Poecilopsetta_beanii_radiograph_2,Poecilopsetta_beanii,Poecilopsettidae,Poecilopsettidae,P. bea
usnm_164142_Poecilopsetta_beanii_radiograph_5,Poecilopsetta_beanii,Poecilopsettidae,Poecilopsettidae,P. bea
usnm_164142_Poecilopsetta_beanii_radiograph_10,Poecilopsetta_beanii,Poecilopsettidae,Poecilopsettidae,P. bea
usnm_167720_Hypoclinemus_mentalis_radiograph,Hypoclinemus_mentalis,Achiridae,Achiridae,H. men
usnm_169911_Platophrys_bermuda_radiograph_2,Platophrys,Bothidae,Bothidae,P. 
usnm_169911_Platophrys_bermuda_radiograph_3,Platophrys,Bothidae,Bothidae,P. 
usnm_176808_Pelotretus_flavilatus_radiograph_1,Pelotretis_flavilatus,Rhombosoleidae,Rhombosoleidae,P. fla
usnm_176808_Pelotretus_flavilatus_radiograph_2,Pelotretis_flavilatus,Rhombosoleidae,Rhombosoleidae,P. fla
usnm_176808_Pelotretus_flavilatus_radiograph_3,Pelotretis_flavilatus,Rhombosoleidae,Rhombosoleidae,P. fla
usnm_176810_Rhombosolea_plebeia_radiograph,Rhombosolea_plebeia,Rhombosoleidae,Rhombosoleidae,R. ple
usnm_176810_Rhombosolea_plebeia_radiograph_1,Rhombosolea_plebeia,Rhombosoleidae,Rhombosoleidae,R. ple
usnm_176810_Rhombosolea_plebeia_radiograph_2,Rhombosolea_plebeia,Rhombosoleidae,Rhombosoleidae,R. ple
usnm_00187656_Embassichthys_bathybius_radiograph,Embassichthys_bathybius,Pleuronectidae,Pleuronectidae,E. bat
usnm_191555_Hypoclinemus_mentalis_radiograph_1,Hypoclinemus_mentalis,Achiridae,Achiridae,H. men
usnm_191555_Hypoclinemus_mentalis_radiograph_2,Hypoclinemus_mentalis,Achiridae,Achiridae,H. men
usnm_197577_Leuronectes_platessa_radiograph_1,Pleuronectes_platessa,Pleuronectidae,Pleuronectidae,P. pla
usnm_197577_Leuronectes_platessa_radiograph_2,Pleuronectes_platessa,Pleuronectidae,Pleuronectidae,P. pla
usnm_197577_Leuronectes_platessa_radiograph_3,Pleuronectes_platessa,Pleuronectidae,Pleuronectidae,P. pla
usnm_00197612_Drepanopsetta_platessoides_radiograph_1,Hippoglossoides_platessoides,Pleuronectidae,Pleuronectidae,H. pla
usnm_00197612_Drepanopsetta_platessoides_radiograph_2,Hippoglossoides_platessoides,Pleuronectidae,Pleuronectidae,H. pla
usnm_00197612_Drepanopsetta_platessoides_radiograph_3,Hippoglossoides_platessoides,Pleuronectidae,Pleuronectidae,H. pla
usnm_218768_Parachirus_xenicus_radiograph_2,Parachirus_xenicus,Soleidae,Soleidae,P. xen
usnm_218768_Parachirus_xenicus_radiograph_3,Parachirus_xenicus,Soleidae,Soleidae,P. xen
usnm_236108_Liachirus_melanospilus_radiograph_1,Liachirus_melanospilus,Soleidae,Soleidae,L. mel
usnm_236108_Liachirus_melanospilus_radiograph_2,Liachirus_melanospilus,Soleidae,Soleidae,L. mel
usnm_236108_Liachirus_melanospilus_radiograph_3,Liachirus_melanospilus,Soleidae,Soleidae,L. mel
usnm_260366_Asterorhombus_fijiensis_radiograph,Asterorhombus_cocosensis,Bothidae,Bothidae,A. coc
usnm_260366_Asterorhombus_fijiensis_radiograph_1,Asterorhombus_cocosensis,Bothidae,Bothidae,A. coc
usnm_260366_Asterorhombus_fijiensis_radiograph_2,Asterorhombus_cocosensis,Bothidae,Bothidae,A. coc
usnm_260395_Crossorhombus_azureus_radiograph_1,Crossorhombus_azureus,Bothidae,Bothidae,C. azu
usnm_260395_Crossorhombus_azureus_radiograph_2,Crossorhombus_azureus,Bothidae,Bothidae,C. azu
usnm_260395_Crossorhombus_azureus_radiograph_3,Crossorhombus_azureus,Bothidae,Bothidae,C. azu
usnm_260446_Psettine_gigantea_radiograph,Psettina_gigantea,Bothidae,Bothidae,P. gig
usnm_260448_Grammatobothus_polyophthalmus_radiograph,Grammatobothus_polyophthalmus,Bothidae,Bothidae,G. pol
usnm_260449_Grammatobothus_polyophthalmus_radiograph,Grammatobothus_polyophthalmus,Bothidae,Bothidae,G. pol
usnm_260481_Grammatobothus_polyophthalmus_radiograph,Grammatobothus_polyophthalmus,Bothidae,Bothidae,G. pol
usnm_260482_Psettina_gigantea_radiograph,Psettina_gigantea,Bothidae,Bothidae,P. gig
usnm_261360_Glyptocephalus_cynoglossus_radiograph,Glyptocephalus_cynoglossus,Pleuronectidae,Pleuronectidae,G. cyn
usnm_261360_Glyptocephalus_cynoglossus_radiograph_1,Glyptocephalus_cynoglossus,Pleuronectidae,Pleuronectidae,G. cyn
usnm_261526_Brachypleura_novaezeelandiae_radiograph_1,Brachypleura_novaezeelandiae,Citharidae,Citharidae,B. nov
usnm_261526_Brachypleura_novaezeelandiae_radiograph_2,Brachypleura_novaezeelandiae,Citharidae,Citharidae,B. nov
usnm_261526_Brachypleura_novaezeelandiae_radiograph_3,Brachypleura_novaezeelandiae,Citharidae,Citharidae,B. nov
usnm_261527_Glyptocephalys_cynoglossus_radiograph_1,Glyptocephalus_cynoglossus,Pleuronectidae,Pleuronectidae,G. cyn
usnm_261527_Glyptocephalys_cynoglossus_radiograph_2,Glyptocephalus_cynoglossus,Pleuronectidae,Pleuronectidae,G. cyn
usnm_261527_Glyptocephalys_cynoglossus_radiograph_3,Glyptocephalus_cynoglossus,Pleuronectidae,Pleuronectidae,G. cyn
usnm_261534_Limanda_limanda_radiograph_1,Limanda_limanda,Pleuronectidae,Pleuronectidae,L. lim
usnm_261534_Limanda_limanda_radiograph_2,Limanda_limanda,Pleuronectidae,Pleuronectidae,L. lim
usnm_261534_Limanda_limanda_radiograph_3,Limanda_limanda,Pleuronectidae,Pleuronectidae,L. lim
usnm_274741_Vanstraelenia_chiropthalmus_radiograph_1,Vanstraelenia_chirophthalma,Soleidae,Soleidae,V. chi
usnm_274741_Vanstraelenia_chiropthalmus_radiograph_4,Vanstraelenia_chirophthalma,Soleidae,Soleidae,V. chi
usnm_274741_Vanstraelenia_chiropthalmus_radiograph_5,Vanstraelenia_chirophthalma,Soleidae,Soleidae,V. chi
usnm_274752_Microchirus_frechkopi_radiograph_1,Microchirus_frechkopi,Soleidae,Soleidae,M. fre
usnm_274752_Microchirus_frechkopi_radiograph_2,Microchirus_frechkopi,Soleidae,Soleidae,M. fre
usnm_274759_Microchirus_frechkopi_radiograph,Microchirus_frechkopi,Soleidae,Soleidae,M. fre
usnm_282031_Arnoglossus_blachei_radiograph_1,Arnoglossus_imperialis,Bothidae,Bothidae,A. imp
usnm_282031_Arnoglossus_blachei_radiograph_2,Arnoglossus_imperialis,Bothidae,Bothidae,A. imp
usnm_282031_Arnoglossus_blachei_radiograph_3,Arnoglossus_imperialis,Bothidae,Bothidae,A. imp
usnm_282245_Arnoglossus_conspersus_radiograph_1,Arnoglossus_laterna,Bothidae,Bothidae,A. lat
usnm_282245_Arnoglossus_conspersus_radiograph_2,Arnoglossus_laterna,Bothidae,Bothidae,A. lat
usnm_282245_Arnoglossus_conspersus_radiograph_3,Arnoglossus_laterna,Bothidae,Bothidae,A. lat
usnm_282409_Ancylopsetta_cycloidea_radiograph,Ancylopsetta_cycloidea,Paralichthyidae1,Paralichthyidae,A. cyc
usnm_282411_Ancylopsetta_cycloidea_radiograph,Ancylopsetta_cycloidea,Paralichthyidae1,Paralichthyidae,A. cyc
usnm_282412_Ancylopsetta_cycloidea_radiograph,Ancylopsetta_cycloidea,Paralichthyidae1,Paralichthyidae,A. cyc
usnm_282590_Bothus_lunatus_radiograph,Bothus_lunatus,Bothidae,Bothidae,B. lun
usnm_282708_Ammotretis_rostratus_radiograph_1,Ammotretis_rostratus,Rhombosoleidae,Rhombosoleidae,A. ros
usnm_282708_Ammotretis_rostratus_radiograph_2,Ammotretis_rostratus,Rhombosoleidae,Rhombosoleidae,A. ros
usnm_282708_Ammotretis_rostratus_radiograph_3,Ammotretis_rostratus,Rhombosoleidae,Rhombosoleidae,A. ros
usnm_282744_Chascanopsetta_lugubris_radiograph,Chascanopsetta_lugubris,Bothidae,Bothidae,C. lug
usnm_00286092_Gastropsetta_frontalis_radiograph,Gastropsetta_frontalis,Paralichthyidae1,Paralichthyidae,G. fro
usnm_00286096_Gastropsetta_frontalis_radiograph_2,Gastropsetta_frontalis,Paralichthyidae1,Paralichthyidae,G. fro
usnm_286147_Hypsopsetta_guttulata_radiograph,Hypsopsetta_guttulata,Pleuronectidae,Pleuronectidae,H. gut
usnm_286177_Lepidorhombus_boscii_radiograph_1,Lepidorhombus_boscii,Scophthalmidae1,Scophthalmidae,L. bos
usnm_286177_Lepidorhombus_boscii_radiograph_2,Lepidorhombus_boscii,Scophthalmidae1,Scophthalmidae,L. bos
usnm_286177_Lepidorhombus_boscii_radiograph_3,Lepidorhombus_boscii,Scophthalmidae1,Scophthalmidae,L. bos
usnm_286357_Psettodes_belcheri_radiograph,Psettodes_belcheri,Psettodiae,Psettodiae,P. bel
usnm_286358_Psettodes_belcheri_radiograph,Psettodes_belcheri,Psettodiae,Psettodiae,P. bel
usnm_286359_Psettodes_belcheri_radiograph,Psettodes_belcheri,Psettodiae,Psettodiae,P. bel
usnm_286549_Platophrys_radiograph,Platophrys,Bothidae,Bothidae,P. 
usnm_286576_Reinhardtius_hippoglossoides_radiograph,Reinhardtius_hippoglossoides,Pleuronectidae,Pleuronectidae,R. hip
usnm_286578_Rhombosolea_Tapirina_radiograph_1,Rhombosolea_tapirina,Rhombosoleidae,Rhombosoleidae,R. tap
usnm_286578_Rhombosolea_Tapirina_radiograph_2,Rhombosolea_tapirina,Rhombosoleidae,Rhombosoleidae,R. tap
usnm_286578_Rhombosolea_Tapirina_radiograph_3,Rhombosolea_tapirina,Rhombosoleidae,Rhombosoleidae,R. tap
usnm_286626_Syacium_micrurum_radiograph_1,Syacium_micrurum,Paralichthyidae1,Paralichthyidae,Sy. mic
usnm_286626_Syacium_micrurum_radiograph_2,Syacium_micrurum,Paralichthyidae1,Paralichthyidae,Sy. mic
usnm_286626_Syacium_micrurum_radiograph_3,Syacium_micrurum,Paralichthyidae1,Paralichthyidae,Sy. mic
usnm_286826_Aseraggodes_kobensis_radiograph,Aseraggodes_kobensis,Soleidae,Soleidae,A. kob
usnm_286834_Bathysolea_polli_radiograph,Bathysolea_polli,Soleidae,Soleidae,B. pol
usnm_286835_Bathysolea_polli_radiograph,Bathysolea_polli,Soleidae,Soleidae,B. pol
usnm_286835_Bathysolea_polli_radiograph_1,Bathysolea_polli,Soleidae,Soleidae,B. pol
usnm_286840_Achirus_declivis_radiograph_1,Achirus_declivis,Achiridae,Achiridae,A. dec
usnm_286840_Achirus_declivis_radiograph_2,Achirus_declivis,Achiridae,Achiridae,A. dec
usnm_290983_Dicologoglossa_hexophthalma_radiograph,Dicologlossa_hexophthalma,Soleidae,Soleidae,D. hex
usnm_290985_Dicologoglossa_hexophthalma_radiograph,Dicologlossa_hexophthalma,Soleidae,Soleidae,D. hex
usnm_291006_Pegusa_impar_radiograph_bigger,Pegusa_impar,Soleidae,Soleidae,P. imp
usnm_291007_Solea_impar_radiograph_2,Pegusa_impar,Soleidae,Soleidae,P. imp
usnm_291008_Pegusa_impar_radiograph,Pegusa_impar,Soleidae,Soleidae,P. imp
usnm_291008_Pegusa_impar_radiograph_1,Pegusa_impar,Soleidae,Soleidae,P. imp
usnm_291009_Syanapturichthys_kleini_radiograph,Synapturichthys_kleinii,Soleidae,Soleidae,S. kle
usnm_291012_Euryglossa_orientalis_radiograph,Euryglossa_orientalis,Soleidae,Soleidae,E. ori
usnm_291084_Strandichthys_muelleri_radiograph,Dexillus_muelleri,Soleidae,Soleidae,D. mue
usnm_291085_Strandichthys_muelleri_radiograph_3,Dexillus_muelleri,Soleidae,Soleidae,D. mue
usnm_291088_Gymnachirus_melas_radiograph_6,Gymnachirus_melas,Achiridae,Achiridae,G. mel
usnm_291088_Gymnachirus_melas_radiograph_13,Gymnachirus_melas,Achiridae,Achiridae,G. mel
usnm_291088_Gymnachirus_melas_radiograph_15,Gymnachirus_melas,Achiridae,Achiridae,G. mel
usnm_291101_Synapturichthys_kleini_radiograph,Synapturichthys_kleinii,Soleidae,Soleidae,S. kle
usnm_291140_Soleidae_radiograph_1,Soleidae,Soleidae,Soleidae,S. 
usnm_291140_Soleidae_radiograph_2,Soleidae,Soleidae,Soleidae,S. 
usnm_300513_Etropus_crossotus_radiograph_1,Etropus_crossotus,Paralichthyidae1,Paralichthyidae,E. cro
usnm_300513_Etropus_crossotus_radiograph_2,Etropus_crossotus,Paralichthyidae1,Paralichthyidae,E. cro
usnm_304937_Rhombosolea_leporina_radiograph,Rhombosolea_leporina,Rhombosoleidae,Rhombosoleidae,R. lep
usnm_305762_Brachirus_aenea_radiograph,Brachirus_aenea,Soleidae,Soleidae,B. aen
usnm_305762_Brachirus_aenea_radiograph_2,Brachirus_aenea,Soleidae,Soleidae,B. aen
usnm_305762_Brachirus_aenea_radiograph_3,Brachirus_aenea,Soleidae,Soleidae,B. aen
usnm_306352_Glyptocephalus_zachirus_radiograph_1,Glyptocephalus_zachirus,Pleuronectidae,Pleuronectidae,G. zac
usnm_306352_Glyptocephalus_zachirus_radiograph_2,Glyptocephalus_zachirus,Pleuronectidae,Pleuronectidae,G. zac
usnm_306352_Glyptocephalus_zachirus_radiograph_3,Glyptocephalus_zachirus,Pleuronectidae,Pleuronectidae,G. zac
usnm_306429_Pardachirus_balius_radiograph_1,Pardachirus_balius,Soleidae,Soleidae,P. bal
usnm_306429_Pardachirus_balius_radiograph_2,Pardachirus_balius,Soleidae,Soleidae,P. bal
usnm_307566_Laeops_nigromaculatus_radiograph_1,Laeops_nigromaculatus,Bothidae,Bothidae,L. nig
usnm_307566_Laeops_nigromaculatus_radiograph_2,Laeops_nigromaculatus,Bothidae,Bothidae,L. nig
usnm_307566_Laeops_nigromaculatus_radiograph_3,Laeops_nigromaculatus,Bothidae,Bothidae,L. nig
usnm_308017_Citharoides_macrolepis_radiograph_1,Citharoides_macrolepis,Citharidae,Citharidae,C. macrolepis
usnm_308017_Citharoides_macrolepis_radiograph_2,Citharoides_macrolepis,Citharidae,Citharidae,C. macrolepis
usnm_308017_Citharoides_macrolepis_radiograph_3,Citharoides_macrolepis,Citharidae,Citharidae,C. macrolepis
usnm_316767_Symphurus_plagiusa_radiograph_1,Symphurus_plagiusa,Cynoglossidae,Cynoglossidae,S. pla
usnm_316767_Symphurus_plagiusa_radiograph_2,Symphurus_plagiusa,Cynoglossidae,Cynoglossidae,S. pla
usnm_316767_Symphurus_plagiusa_radiograph_3,Symphurus_plagiusa,Cynoglossidae,Cynoglossidae,S. pla
usnm_320592_Peltorhamphus_novaezelandiae_radiograph_1,Peltorhamphus_novaezeelandiae,Rhombosoleidae,Rhombosoleidae,P. nov
usnm_320592_Peltorhamphus_novaezelandiae_radiograph_2,Peltorhamphus_novaezeelandiae,Rhombosoleidae,Rhombosoleidae,P. nov
usnm_320592_Peltorhamphus_novaezelandiae_radiograph_3,Peltorhamphus_novaezeelandiae,Rhombosoleidae,Rhombosoleidae,P. nov
usnm_340538_Euryglossa_sorsogonensis_radiograph,Euryglossa_sorsogonensis,Soleidae,Soleidae,E. sor
usnm_345415_Psettodes_erumei_radiograph,Psettodes_erumei,Psettodiae,Psettodiae,P. eru
usnm_349048_Bothus_lunatus_radiograph,Bothus_lunatus,Bothidae,Bothidae,B. lun
usnm_357926_Arnoglossus_imperialis_radiograph_1,Arnoglossus_imperialis,Bothidae,Bothidae,A. imp
usnm_357926_Arnoglossus_imperialis_radiograph_4,Arnoglossus_imperialis,Bothidae,Bothidae,A. imp
usnm_357926_Arnoglossus_imperialis_radiograph_5,Arnoglossus_imperialis,Bothidae,Bothidae,A. imp
usnm_358229_Gymnachirus_texae_radiograph,Gymnachirus_texae,Achiridae,Achiridae,G. tex
usnm_359466_Bothus_lunatus_radiograph,Bothus_lunatus,Bothidae,Bothidae,B. lun
usnm_361608_Psettodes_erumei_radiograph,Psettodes_erumei,Psettodiae,Psettodiae,P. eru
usnm_362262_Hippoglossina_bollmani_radiograph,Hippoglossina_bollmani,Paralichthyidae1,Paralichthyidae,H. bol
usnm_362276_Hippoglossina_bollmani_radiograph,Hippoglossina_bollmani,Paralichthyidae1,Paralichthyidae,H. bol
usnm_362276_Hippoglossina_bollmani_radiograph_1,Hippoglossina_bollmani,Paralichthyidae1,Paralichthyidae,H. bol
usnm_362302_Paralichthys_adspersus_radiograph_1,Paralichthys_adspersus,Paralichthyidae2,Paralichthyidae,P. ads
usnm_362302_Paralichthys_adspersus_radiograph_2,Paralichthys_adspersus,Paralichthyidae2,Paralichthyidae,P. ads
usnm_362302_Paralichthys_adspersus_radiograph_3,Paralichthys_adspersus,Paralichthyidae2,Paralichthyidae,P. ads
usnm_362478_Asterorhombus_fijiensis_radiograph,Asterorhombus_cocosensis,Bothidae,Bothidae,A. coc
usnm_362482_Citharus_linguatula_radiograph,Citharus_linguatula,Citharidae,Citharidae,C. lin
usnm_362485_Citharus_linguatula_radiograph,Citharus_linguatula,Citharidae,Citharidae,C. lin
usnm_362485_Citharus_linguatula_radiograph_1,Citharus_linguatula,Citharidae,Citharidae,C. lin
usnm_362498_Laeops_kithaharae_radiograph,Laeops_kitaharae,Bothidae,Bothidae,L. kit
usnm_362503_Lioglossina_tetrophthalmus_radiograph,Lioglossina_tetrophthalmus,Paralichthyidae1,Paralichthyidae,L. tet
usnm_362514_Perrissias_taeniopterus_radiograph,Perrissias_taeniopterus,Bothidae,Bothidae,P. tae
usnm_362515_Perrissias_taeniopterus_radiograph,Perrissias_taeniopterus,Bothidae,Bothidae,P. tae
usnm_362523_Mancopsetta_maculata_radiograph_1,Mancopsetta_maculata,Achiropsettidae,Achiropsettidae,M. mac
usnm_362528_Mancopsetta_maculata_radiograph_1,Mancopsetta_maculata,Achiropsettidae,Achiropsettidae,M. mac
usnm_362528_Mancopsetta_maculata_radiograph_2,Mancopsetta_maculata,Achiropsettidae,Achiropsettidae,M. mac
usnm_365701_Eopsetta_jordani_radiograph,Eopsetta_jordani,Pleuronectidae,Pleuronectidae,E. jor
usnm_375500_Pseudorhombus_arsius_radiograph_3,Pseudorhombus_arsius,Paralichthyidae2,Paralichthyidae,P. ars
usnm_375500_Pseudorhombus_arsius_radiograph_5,Pseudorhombus_arsius,Paralichthyidae2,Paralichthyidae,P. ars
usnm_375500_Pseudorhombus_arsius_radiograph_6,Pseudorhombus_arsius,Paralichthyidae2,Paralichthyidae,P. ars
usnm_375570_Engyophrys_sanctilaurentii_radiograph_1,Engyophrys_sanctilaurentii,Bothidae,Bothidae,E. san
usnm_375570_Engyophrys_sanctilaurentii_radiograph_2,Engyophrys_sanctilaurentii,Bothidae,Bothidae,E. san
usnm_375570_Engyophrys_sanctilaurentii_radiograph_3,Engyophrys_sanctilaurentii,Bothidae,Bothidae,E. san
usnm_375617_Bothus_bleekeri_radiograph_1,Bothus_myriaster,Bothidae,Bothidae,B. myr
usnm_375617_Bothus_bleekeri_radiograph_2,Bothus_myriaster,Bothidae,Bothidae,B. myr
usnm_375617_Bothus_bleekeri_radiograph_3,Bothus_myriaster,Bothidae,Bothidae,B. myr
usnm_375893_Lioglossina_tetrophthalmus_radiograph,Lioglossina_tetrophthalmus,Paralichthyidae1,Paralichthyidae,L. tet
usnm_394618_Parabothus_chlorospilus_radiograph_1,Parabothus_chlorospilus,Bothidae,Bothidae,P. chl
usnm_394618_Parabothus_chlorospilus_radiograph_2,Parabothus_chlorospilus,Bothidae,Bothidae,P. chl
usnm_394618_Parabothus_chlorospilus_radiograph_3,Parabothus_chlorospilus,Bothidae,Bothidae,P. chl
usnm_394619_Taeniopsetta_radula_radiograph_1,Taeniopsetta_radula,Bothidae,Bothidae,T. rad
usnm_394619_Taeniopsetta_radula_radiograph_2,Taeniopsetta_radula,Bothidae,Bothidae,T. rad
usnm_394619_Taeniopsetta_radula_radiograph_3,Taeniopsetta_radula,Bothidae,Bothidae,T. rad
usnm_395224_Trichopsetta_ventralis_radiograph,Trichopsetta_ventralis,Bothidae,Bothidae,T. ven
usnm_395224_Trichopsetta_ventralis_radiograph_1,Trichopsetta_ventralis,Bothidae,Bothidae,T. ven
usnm_396096_Plagiopsetta_glossa_radiograph,Plagiopsetta_glossa,Samaridae,Samaridae,P. glo
usnm_397277_Citharus_linguatula_radiograph_1,Citharus_linguatula,Citharidae,Citharidae,C. lin
usnm_397277_Citharus_linguatula_radiograph_2,Citharus_linguatula,Citharidae,Citharidae,C. lin
usnm_397277_Citharus_linguatula_radiograph_3,Citharus_linguatula,Citharidae,Citharidae,C. lin
usnm_29064_Citharichthys_arrons_radiograph_1.tif,Citharichthys_arctifrons,Paralichthyidae1,Paralichthyidae,C. arc
usnm_34359_Monochirus_monochir_radiograph,Monochirus_monochir,Soleidae,Soleidae,M. mon
usnm_34359_Monochirus_monochir_radiograph_1,Monochirus_monochir,Soleidae,Soleidae,M. mon
usnm_47886_Soleichthys_microcephalus_radiograph_1,Soleichthys_microcephalus,Soleidae,Soleidae,So. mic
usnm_47886_Soleichthys_microcephalus_radiograph_2,Soleichthys_microcephalus,Soleidae,Soleidae,So. mic
usnm_054037_Isopsetta_isolepis_radiograph_1 copy,Isopsetta_isolepis,Pleuronectidae,Pleuronectidae,I. iso
usnm_056372_Zebrias_japonicus_radiograph_1,Pseudaesopia_japonica,Soleidae,Soleidae,P. jap
usnm_59956_Soleichthys_microcephalus_radiograph,Soleichthys_microcephalus,Soleidae,Soleidae,So. mic
usnm_071608_Amate_japonica_radiograph,Amate_japonica,Soleidae,Soleidae,A. jap
usnm_072090_Amate_japonica_radiograph,Amate_japonica,Soleidae,Soleidae,A. jap
usnm_77968_Citharichthys_sordidus_radiograph_3,Citharichthys_sordidus,Paralichthyidae1,Paralichthyidae,C. sor
usnm_086732_Oncopterus_darwini_radiograph,Oncopterus_darwinii,Rhombosoleidae,Rhombosoleidae,O. dar
usnm_137676_Aseraggodes_cyaneus_radiograph,Aseraggodes_cyaneus,Soleidae,Soleidae,A. cya
usnm_137677_Aseraggodes_cyaneus_radiograph,Aseraggodes_cyaneus,Soleidae,Soleidae,A. cya
usnm_137679_Brachirus_aspilos_radiograph,Brachirus_aspilos,Soleidae,Soleidae,B. asp
usnm_152033_Nodogymnus_fasciatus_radiograph,Nodogymnus_fasciatus,Achiridae,Achiridae,N. fas
usnm_157694_Symphurus_civitatium_radiograph,Symphurus_civitatium,Cynoglossidae,Cynoglossidae,S. civ
usnm_157694_Symphurus_civitatium_radiograph_2,Symphurus_civitatium,Cynoglossidae,Cynoglossidae,S. civ
usnm_158278_Symphurus_civitatium_radiograph,Symphurus_civitatium,Cynoglossidae,Cynoglossidae,S. civ
usnm_158296_Gymnachirus_texae_radiograph_3,Gymnachirus_texae,Achiridae,Achiridae,G. tex
usnm_159614_Bothus_robinsi_radiograph_2,Bothus_robinsi,Bothidae,Bothidae,B. rob
usnm_174031_Phyllichthys_sclerolepis_radiograph,Phyllichthys_sclerolepis,Soleidae,Soleidae,P. scl
usnm_181499_Catathyridium_jenynsi_radiograph,Catathyridium_jenynsii,Achiridae,Achiridae,C. jen
usnm_191154_Zebrias_fasciatus_radiograph_3,Zebrias_fasciatus,Soleidae,Soleidae,Z. fas
usnm_203758_Arelia_bilineata_radiograph,Arelia_bilineata,Cynoglossidae,Cynoglossidae,A. bil
usnm_203758_Arelia_bilineata_radiograph_1,Arelia_bilineata,Cynoglossidae,Cynoglossidae,A. bil
usnm_203758_Arelia_bilineata_radiograph_2,Arelia_bilineata,Cynoglossidae,Cynoglossidae,A. bil
usnm_203995_Cyngolossus_arel_radiograph_2,Cynoglossus_arel,Cynoglossidae,Cynoglossidae,C. are
usnm_228530_Strandichthys_muelleri_radiograph,Dexillus_muelleri,Soleidae,Soleidae,D. mue
usnm_230355_Achiroides_melanorhynchus_radiograph_1,Achiroides_melanorhynchus,Soleidae,Soleidae,A. mel
usnm_230355_Achiroides_melanorhynchus_radiograph_2,Achiroides_melanorhynchus,Soleidae,Soleidae,A. mel
usnm_233556_Apionichthys_dumerili_radiograph_1,Apionichthys_dumerili,Achiridae,Achiridae,A. dum
usnm_233588_Apionichthys_dumerili_radiograph,Apionichthys_dumerili,Achiridae,Achiridae,A. dum
KU_Achirus_mazatlanus,Achirus_mazatlanus,Achiridae,Achiridae,A. maz
KU_Achirus_mazatlanus_1,Achirus_mazatlanus,Achiridae,Achiridae,A. maz
KU_Ancylopsetta_dilecta_1,Ancylopsetta_dilecta,Paralichthyidae1,Paralichthyidae,A. dil
KU_Bothus_poda_1,Bothus_podas,Bothidae,Bothidae,B. pod
KU_Citharichthys_gilberti,Citharichthys_gilberti,Paralichthyidae1,Paralichthyidae,C. gil
KU_Citharichthys_gilberti_1,Citharichthys_gilberti,Paralichthyidae1,Paralichthyidae,C. gil
KU_Citharichthys_macrops,Citharichthys_macrops,Paralichthyidae1,Paralichthyidae,C. macrops
KU_Citharichthys_stigmaeus,Citharichthys_stigmaeus,Paralichthyidae1,Paralichthyidae,C. sti
KU_Citharoides_macrolepis,Citharoides_macrolepis,Citharidae,Citharidae,C. macrolepis
KU_Citharoides_macrolepis_1,Citharoides_macrolepis,Citharidae,Citharidae,C. macrolepis
KU_Cynoglossus_cf._interruptus,Cynoglossus_interruptus,Cynoglossidae,Cynoglossidae,C. int
KU_Gymnachirus_melas,Gymnachirus_melas,Achiridae,Achiridae,G. mel
KU_Gymnachirus_melas_1,Gymnachirus_melas,Achiridae,Achiridae,G. mel
KU_Gymnachirus_texae,Gymnachirus_texae,Achiridae,Achiridae,G. tex
KU_Gymnachirus_texae_1,Gymnachirus_texae,Achiridae,Achiridae,G. tex
KU_Paralichthys_lethostigma_2,Paralichthys_lethostigma,Paralichthyidae1,Paralichthyidae,P. let
KU_Tarphops_oligolepis,Tarphops_oligolepis,Paralichthyidae2,Paralichthyidae,T. oli